1-3-diaminopropane,C3H10N2,C(CN)CN,Primary,No,2,0,0,0,0,0,99.835317143276,0,28.638256856724,0,-0.0020195762987398,-0.18744286590027,0.022309157983398,0,0,0,-0.004922366058076,-0.08255116840411,0.22368961939924,0,0,0,0.0018337571616538,0,0.0047997438581855,0,74.125,DAPR
1-4-diaminobutane,C4H12N2,C(CCN)CN,Primary,No,2,0,0,0,0,0,118.71895559139,0,28.325325408612,0,-0.0019793140626425,-0.19464934561728,0.023353011363513,0,0,0,-0.0048242338585097,-0.08216316805523,0.22664352515628,0,0,0,0.001865432789641,0,0.0048201761461258,0,88.151,DAB
1-5-diaminopentane,C5H14N2,C(CCN)CCN,Primary,No,2,0,0,0,0,0,139.81999930973,0,28.401067690271,0,-0.0015666202710403,-0.20289669987763,0.023500432804962,0,0,0,-0.0038183645019378,-0.081134425527042,0.2288444094502,0,0,0,0.0019245207874032,0,0.0048392137402942,0,102.178,DAP
1-6-diaminohexane,C6H16N2,C(CCCN)CCN,Primary,No,2,0,0,0,0,0,156.65235622128,0,27.958377778717,0,-0.0013339828934735,-0.20279160361835,0.021009205905503,0,0,0,-0.0032513513458172,-0.07051725039307,0.21831782228884,0,0,0,0.0019008957039846,0,0.0046785256367271,0,116.205,DAH
1-amino-2-propanol,C3H9NO,CC(CN)O,Primary,No,1,0,0,1,0,0,92.586392007767,15.974542299857,12.854421692376,0,-0.015998512820488,-0.11840883590694,0.031535283940553,-0.067714210106044,-0.0019542944906329,0.11488518013496,-0.0044183754711501,-0.043210644607194,0.077051008434398,0,0,0,0.0019267881806744,0.0026592087854871,0.001801642249322,0,75.11,1A2P
2-(2-aminoethoxy)-ethanol,C4H11NO2,C(COCCO)N,Primary,No,1,0,0,1,0,1,115.90941291878,16.146109048623,14.202399975719,6.5814050568818,-0.015384344379776,-0.2566291621245,0.052800166749543,-0.078876848197461,0.0026635918384117,0.10379903989506,-0.0030496611078948,-0.04529340805371,0.11823290873599,0,0.0049922930659847,0.086001103672808,0.002561957142718,0.0026374071885484,0.0025975044832272,0.0013352872621974,105.163,DGA
2-6-diamino-5-hydroxyhexanoic-acid,C6H14N2O3,C(CC(C(=O)O)N)C(CN)O,Primary,No,2,0,0,1,1,0,130.30565889844,25.445831472852,27.612285820864,13.861201807848,-0.029542026933829,-0.36865293896398,0.088808518084382,-0.1486927894084,0.0086186086889966,0.14786215988529,-0.018577676833503,-0.086418722133899,0.20410420894467,0,0.011166348584966,0.15986197954633,0.0047196415001179,0.0045719316789063,0.0046778451802605,0.0021738259964234,162.187,DAHHA
2-amino-2-methyl-1-3-propanediol,C4H11NO2,CC(CO)(CO)N,Primary,No,1,0,0,2,0,0,106.40570472589,27.422935795409,10.991707478703,0,-0.028062323122987,-0.13285711037806,0.058370359791857,-0.15334522279361,-0.0012651484311215,0.14029959003454,0,-0.018795209312493,0.10762511114736,0,0,0,0.0024998307585606,0.0040964430671903,0.0020623102423374,0,105.136,AMPD
2-amino-2-methyl-1-propanol,C4H11NO,CC(C)(CO)N,Primary,No,1,0,0,1,0,0,110.54313512981,13.813645715462,11.899782154729,0,-0.014008170926311,-0.12826936912798,0.033936868572202,-0.073094437505623,-0.0024229306362421,0.074269869065073,-0.00067544972115653,-0.027228223341418,0.10700668558588,0,0,0,0.0018213051479381,0.002056806377382,0.0021650158070395,0,89.136,AMP
3-amino-1-propanol,C3H9NO,C(CN)CO,Primary,No,1,0,0,1,0,0,92.798232444824,16.551123688839,14.381774866337,0,-0.014729226987943,-0.16085991104975,0.036393012166017,-0.070154861222625,-0.0039487119254097,0.12151746852401,-0.0031688951636276,-0.043735824158866,0.11029334660822,0,0,0,0.0019395653220324,0.002796565680069,0.0023800131764817,0,75.11,3A1P
3-aminopropane-1-2-diol,C3H9NO2,C(C(CO)O)N,Primary,No,1,0,0,2,0,0,87.777233826812,29.861016211596,13.514862961591,0,-0.025010141654029,-0.16912663678919,0.059638081133894,-0.12479052093823,-0.0084003127004748,0.20555007152627,-0.0045224407807259,-0.045525506215718,0.08654361243484,0,0,0,0.0026325028519686,0.0048079490871913,0.0019708588401256,0,91.109,3APD
4-(2-aminopropan-2-yl)-1-methylcyclohexanamine,C10H22N2,CC1(CCC(CC1)C(C)(C)N)N,Primary,Yes,2,0,0,0,0,0,199.53110588879,0,20.766613111206,0,0,-0.15730922856714,0.020064159259313,0,0,0,0,-0.057266811755445,0.14975672946686,0,0,0,0.0018364704386313,0,0.0029846805855458,0,170.295,2APMCH
2-aminoethanol,C2H7NO,C(CO)N,Primary,No,1,0,0,1,0,0,72.400286850106,16.505831236893,14.762935913001,0,-0.01557985433731,-0.13742704268444,0.035237637872317,-0.073722080613317,-0.0024261644617311,0.11610523133836,-0.0058348503451504,-0.046118154160665,0.10456747030009,0,0,0,0.0018892572780739,0.0027892214114656,0.0023475322035737,0,61.083,MEA
ethylenediamine,C2H8N2,C(CN)N,Primary,No,2,0,0,0,0,0,79.433246594238,0,28.843519405763,0,-0.0030219288172468,-0.16990547276055,0.020973260405664,0,0,0,-0.0073654260298161,-0.084020757657974,0.21591100547647,0,0,0,0.0017684304097882,0,0.0047134377373368,0,60.098,EDA
glycine,C2H5NO2,C(C(=O)O)N,Primary,No,1,0,0,0,1,0,64.45693906141,13.575835935716,14.880631505408,14.379827497466,-0.020724284457062,-0.20087859206438,0.062844617947938,-0.1325013479187,0.010158070090541,0.043139756676791,-0.02283772579181,-0.04354349099702,0.10214001138134,0,0.011528805867613,0.17007847051846,0.0031103225590752,0.0027907547762558,0.0024963009063433,0.0023663737410791,75.067,GL
meso-2-3-diaminosuccinic-acid,C4H8N2O4,C(C(C(=O)O)N)(C(=O)O)N,Primary,No,2,0,0,0,2,0,84.261522729656,19.248741245137,30.975699994241,27.580669030966,-0.15679641309562,-0.10323993889399,0.11269353119122,-0.20047873311668,0.027253165293673,0.040147858334699,-0.16032087920116,-0.049598625398239,0.13659765218503,0,0.025871230538475,0.3064844424111,0.0056058438833446,0.0041961122233223,0.0048740568039455,0.0041391668439252,148.117,MDASA
pentylamine,C5H13N,CCCCCN,Primary,No,1,0,0,0,0,0,139.5939648555,0,12.497286144497,0,-0.00059070130827959,-0.092366584671672,0.010466197996785,0,0,0,-0.0014397317259818,-0.038762001244823,0.086295163947437,0,0,0,0.0011782383620103,0,0.0018273315510225,0,87.163,PeA
serinol,C3H9NO2,C(C(CO)N)O,Primary,No,1,0,0,2,0,0,86.281794250247,29.873905945555,13.998836804198,0,-0.028878708412816,-0.17647979540545,0.042522831448646,-0.12711236769171,-0.013618497947692,0.23461163672888,-0.0093956064229364,-0.041515546976057,0.093634354930103,0,0,0,0.0025192013821597,0.0056952965814451,0.002107580183038,0,91.109,SE
trans-1-4-diaminocyclohexane,C6H14N2,C1CC(CCC1N)N,Primary,Yes,2,0,0,0,0,0,134.59778493299,0,27.158074067011,0,-0.00065022154688955,-0.20758884114231,0.019119768796714,0,0,0,-0.0015848019580325,-0.068557610730744,0.22400547862756,0,0,0,0.001898553621242,0,0.0047412244083089,0,114.189,TDACH
tris(hydroxymethyl)aminomethane,C4H11NO3,C(C(CO)(CO)N)O,Primary,No,1,0,0,3,0,0,101.13167843253,42.056422515461,10.139451052009,0,-0.040854601136639,-0.15894484857744,0.071616113112686,-0.21963684057839,5.3973363773894E-5,0.23842959443136,0,-0.020432333593693,0.10297411596672,0,0,0,0.0030703758410862,0.0067651354422063,0.002078590203389,0,121.135,HMAE
1-4-7-triazacyclononane,C6H15N3,C1CNCCNCCN1,Secondary,Yes,0,3,0,0,0,0,150.06098198998,0,18.857238010016,0,-0.00062971151522442,-0.13507803594373,0.02285136928065,0,0,0,-0.0015348123221958,-0.051917506232567,0.12731211435715,0,0,0,0.0016081832622026,0,0.0026970117279223,0,129.203,TCN
2-(ethylamino)ethanol,C4H11NO,CCNCCO,Secondary,No,0,1,0,1,0,0,117.72690969025,16.366660913406,8.6409793963421,0,-0.013848901113972,-0.15350029670133,0.03891735207876,-0.072318844384744,-0.0018734658574945,0.11557269453472,-0.00051742575418684,-0.021690196860921,0.07733317060004,0,0,0,0.0019088207393925,0.0027246572197664,0.0014891627990243,0,89.136,EAE
2-(methylamino)ethanol,C3H9NO,CNCCO,Secondary,No,0,1,0,1,0,0,98.841265335989,16.449570038279,8.8894686257318,0,-0.0141335167757,-0.17104385558086,0.028480243721289,-0.069050206110369,-0.0048898877342815,0.13665372832239,-0.0022656671488317,-0.021595041723085,0.088823854697956,0,0,0,0.0017121116798271,0.0032305005287532,0.0018673917768598,0,75.11,MAE
2-(tert-butylamino)ethanol,C6H15NO,CC(C)(C)NCCO,Secondary,No,0,1,0,1,0,0,146.29407686578,16.414940364136,7.6771687700836,0,-0.01420534481076,-0.14343035457473,0.034463378474719,-0.074158719092174,-0.00080312945584259,0.11341262234425,-0.0012875357087505,-0.017875469588562,0.069347861079593,0,0,0,0.0018906987086577,0.0027186571127446,0.0012811576441089,0,117.189,tBAE
2-methylpiperazine,C5H12N2,CC1CNCCN1,Secondary,Yes,0,2,0,0,0,0,125.53320669545,0,18.137379304554,0,-0.0026788530380005,-0.16026813363511,0.017752003304866,0,0,0,-0.0065292384729688,-0.042388312573145,0.15998279354604,0,0,0,0.001591917792204,0,0.0031535850190121,0,100.162,2MPZ
2-piperidineethanol,C7H15NO,C1CCNC(C1)CCO,Secondary,Yes,0,1,0,1,0,0,151.95521643027,16.55105710521,8.4537414645229,0,-0.014198073166131,-0.17278657977554,0.035908910599279,-0.066262310296137,-0.0010243478610462,0.12055034243978,-0.0010414878275282,-0.017617295583159,0.080685364244581,0,0,0,0.001883169076481,0.0027761871459655,0.0014523348758213,0,129.2,2PE
2-piperidinemethanol,C6H13NO,C1CCNC(C1)CO,Secondary,Yes,0,1,0,1,0,0,134.39545012889,15.165267400478,8.6325504706337,0,-0.014334634339685,-0.13403064546733,0.034428445159785,-0.071334516287401,0.00046917132370166,0.094451818359446,-0.0022469228457656,-0.018599336467418,0.077343003971392,0,0,0,0.0017241254024878,0.0024266370266214,0.0014134069339591,0,115.174,2PM
3-piperidinemethanol,C6H13NO,C1CC(CNC1)CO,Secondary,Yes,0,1,0,1,0,0,132.80701008724,15.106287506986,9.5285924057766,0,-0.014030378370165,-0.14286954816229,0.033637124089457,-0.068059061619487,-0.0040383378966086,0.098916277289587,-0.0022284227562257,-0.021291190378912,0.0861464769186,0,0,0,0.0017123005676722,0.0024032204008587,0.0016698766028023,0,115.174,3PM
diethanolamine,C4H11NO2,C(CO)NCCO,Secondary,No,0,1,0,2,0,0,115.8783558264,31.415458564252,7.2160316093455,0,-0.02677862506045,-0.21458495275672,0.048887410372732,-0.13534879902858,-0.0016980213264547,0.22794494940652,0,-0.011174152756325,0.083026488523334,0,0,0,0.002477290078476,0.005589585020567,0.0014806732530143,0,105.136,DEA
diisopropanolamine,C6H15NO2,CC(CNCC(C)O)O,Secondary,No,0,1,0,2,0,0,152.071215344,30.483158200176,6.5631524558198,0,-0.023710959793724,-0.23141237466044,0.06031557074469,-0.10702940880867,-0.0046837296928886,0.22557193222957,-1.5337675029657E-5,-0.0044641360794214,0.052454321456138,0,0,0,0.0026750563144174,0.0047970927065021,0.00095829957305276,0,133.189,DIPA
homopiperazine,C5H12N2,C1CNCCNC1,Secondary,Yes,0,2,0,0,0,0,124.90882434225,0,18.074594657745,0,-0.0015455745527748,-0.18051145202593,0.026538365627908,0,0,0,-0.0037670692231595,-0.043610828708335,0.16821053572359,0,0,0,0.0014590791211001,0,0.0032985316549145,0,100.162,HPZ
N-N'-diethylethylenediamine,C6H16N2,CCN(CC)CCN,Polyamine,No,1,0,1,0,0,0,172.55959981496,0,16.782333185036,0,-0.0011670327790234,-0.16367240751111,0.022787907662817,0,0,0,-0.0028444394716414,-0.039849157526654,0.1445964000597,0,0,0,0.001816364621326,0,0.0028218253706244,0,116.205,DEED
N-cyclohexyl-2-aminoethanol,C8H17NO,C1CCC(CC1)NCCO,Secondary,Yes,0,1,0,1,0,0,168.26112094122,16.575194832618,8.0101262261652,0,-0.013162936232184,-0.150315619687,0.034303862690571,-0.069991601887969,-0.00035380210625454,0.11547797447344,0,-0.019478849315794,0.065948670677634,0,0,0,0.001866717590696,0.0027333816111823,0.001265737350496,0,143.227,CHAE
N-cyclopentyl-2-aminoethanol,C7H15NO,C1CC(CC1)NCCO,Secondary,Yes,0,1,0,1,0,0,152.92557432445,16.587853200016,8.3384554755355,0,-0.013896478374042,-0.15192180433087,0.036177834065961,-0.070897986828226,0.00048385578322541,0.11428310088335,-0.0014739473840842,-0.021260145935848,0.073433897412494,0,0,0,0.0018927574028747,0.0027295172416548,0.0013457244775375,0,129.2,CPEAE
N-cyclopropyl-2-aminoethanol,C5H11NO,C1C(CC1)NCCO,Secondary,Yes,0,1,0,1,0,0,127.97453951149,16.224000755442,8.5570377330713,0,-0.016825015925885,-0.1398420058528,0.033060905041581,-0.066965908390612,0.001805483611824,0.11581145896265,-0.0089370281410257,-0.017555991128998,0.070114065985266,0,0,0,0.0025037255944496,0.0027287064735762,0.0014302234477757,0,101.147,CPRAE
piperazine,C4H10N2,C1CNCCN1,Secondary,Yes,0,2,0,0,0,0,108.07863687621,0,19.510095123788,0,-0.0026321193070915,-0.16630931710196,0.018607299358343,0,0,0,-0.0064153331300821,-0.045749845196656,0.17096791482135,0,0,0,0.0015465007713934,0,0.0034090579932892,0,86.136,PZ
tricine,C6H13NO5,C(C(=O)O)NC(CO)(CO)CO,Secondary,No,0,1,0,3,1,0,128.28042609715,53.390557329395,5.438326307654,13.738746265806,-0.054721671357607,-0.1902941687765,0.11541220589464,-0.35369992768926,0.0064485968920287,0.25453506996039,0,-0.012426581223671,0.046659066199734,0,0.021980407592439,0.13869670603565,0.0046631804869667,0.0090803809824848,0.00090101246597261,0.0019512305735461,179.171,TR
1-4-bis(2-hydroxyethyl)piperazine,C8H18N2O2,C1CN(CCN1CCO)CCO,Tertiary,Yes,0,0,2,2,0,0,180.21908800323,32.685801084472,6.996444912296,0,-0.027236629465919,-0.25195430544625,0.067563843395339,-0.14732143190823,-0.0043461093077766,0.22915669576974,0,0.0023363974084868,0.095169087991902,0,0,0,0.0031164765740044,0.0054318267820328,0.0013978609624937,0,174.241,2HEP
1-4-dimethylpiperazine,C6H14N2,CN1CCN(CC1)C,Tertiary,Yes,0,0,2,0,0,0,154.67722128461,0,8.7166137153865,0,0,-0.18112648529187,0.017267468657858,0,0,0,0,0.0019396501914039,0.12496068817336,0,0,0,0.0013926234384433,0,0.001908830201129,0,114.189,DMPZ
1-piperidineethanol,C7H15NO,C1CCN(CC1)CCO,Tertiary,Yes,0,0,1,1,0,0,158.40172258606,16.399089474458,3.293269939483,0,-0.01346437686662,-0.14465529375182,0.033713457385188,-0.073037813503862,-0.0029104867552297,0.11649235255591,0,0.0011900055746827,0.045596944541786,0,0,0,0.0016249919277743,0.0027420960503554,0.00068031694959301,0,129.2,1PE
1-piperidinepropanol,C8H17NO,C1CCN(CC1)CCCO,Tertiary,Yes,0,0,1,1,0,0,177.80036348588,16.478736174542,3.3998063395731,0,-0.013174578281227,-0.15929362545461,0.03556583748022,-0.069766228137065,-0.0038041370326432,0.12109214520188,0,0.0012230953953438,0.048341295369428,0,0,0,0.0017192127424677,0.0027888817053003,0.0007390702794336,0,143.227,1PP
3-dimethylamino-1-propanol,C5H13NO,CN(C)CCCO,Tertiary,No,0,0,1,1,0,0,139.51656185182,16.487688109054,4.2405460391262,0,-0.013264925942574,-0.16553680782383,0.035479062866715,-0.070482858347937,-0.0038919179617638,0.12067295575708,0,0.0018617481590137,0.061292408948035,0,0,0,0.0018295632704294,0.0027811247459534,0.00097093630954289,0,103.163,DMAP
3-piperidino-1-2-propanediol,C8H17NO2,C1CCN(CC1)CC(CO)O,Tertiary,Yes,0,0,1,2,0,0,172.56075883518,26.385630164819,0,0,-0.016056127770428,-0.1566969250706,0.041553804949251,-0.082482019959923,-0.002898374571483,0.17862361560423,0,0,0,0,0,0,0.0018836495565818,0.0039536601086718,0,0,159.226,3PPD
3-quinuclidinol,C7H13NO,C1CN2CCC1C(C2)O,Tertiary,Yes,0,0,1,1,0,0,137.77414409446,14.421466156075,5.3302657494657,0,-0.010318004686926,-0.20219987677532,0.030911832672215,-0.04637518538794,0.0077101887073408,0.1057322653076,0,0.0018616984273566,0.079807402119459,0,0,0,0.0020473311483223,0.0022769509307193,0.0013087228077804,0,127.184,3QN
N-N-diethyl-2-aminoethanol,C6H15NO,CCN(CC)CCO,Tertiary,No,0,0,1,1,0,0,161.35273195592,16.359657044085,0,0,-0.013332703264505,-0.13063887535903,0.068981061055568,-0.073019921255446,-0.0019475251669713,0.11445123733208,0,0,0,0,0,0,0.0020548605886856,0.0027263614590285,0,0,117.189,DEAE
methyldiethanolamine,C5H13NO2,CN(CCO)CCO,Tertiary,No,0,0,1,2,0,0,134.65127346668,32.66352631675,2.781112216569,0,-0.027328282858898,-0.17591517389705,0.058236356137311,-0.15019512966048,-0.0039534984337541,0.22726036543319,0,0.0001866051531679,0.039905050737732,0,0,0,0.0025547104957356,0.0054378350006065,0.00058381240034522,0,119.162,MDEA
triethanolamine,C6H15NO3,C(CO)N(CCO)CCO,Tertiary,No,0,0,1,3,0,0,142.91728478137,45.373051218628,0,0,-0.034998644221075,-0.23020633172607,0.076251083520916,-0.1732544319461,-0.019013437157879,0.34764156409307,0,0,0,0,0,0,0.0033092729439827,0.0081393204199251,0,0,149.188,TEA
1-(2-aminoethyl)piperazine,C6H15N3,C1CN(CCN1)CCN,Polyamine,Yes,1,1,1,0,0,0,151.67689392049,0,27.689304079506,0,-0.00286744213621,-0.23431555497715,0.030152226477306,0,0,0,-0.0069888916074054,-0.064703311407722,0.24132009319737,0,0,0,0.0022920911411238,0,0.0048240224090361,0,129.203,AEPZ
1-(2-aminoethyl)piperidine,C7H16N2,C1CCN(CC1)CCN,Polyamine,Yes,1,0,1,0,0,0,165.24768076036,0,17.575896239643,0,-0.001481888512586,-0.17021754773877,0.023452975030818,0,0,0,-0.0036118455741227,-0.044353952482806,0.15660028021968,0,0,0,0.0016363677386531,0,0.0031013534314992,0,128.215,AEP
1-(3-aminopropyl)imidazole,C6H11N3,C1=CN(C=N1)CCCN,Polyamine,Yes,1,0,2,0,0,0,145.32086103539,0,26.291703964606,0,-0.0019910577257294,-0.28847875803379,0.035264314325594,0,0,0,-0.0048528569952599,-0.040800654634926,0.26872478756557,0,0,0,0.0036114783469597,0,0.0049123789320468,0,125.172,API
1-2-bis(3-aminopropylamino)ethane,C8H22N4,C(CN)CNCCNCCCN,Polyamine,No,2,2,0,0,0,0,212.11207432551,0,45.501526674486,0,-0.0031458715172037,-0.32738595182895,0.0439076030703,0,0,0,-0.0076675148094254,-0.12472847133199,0.37405044560349,0,0,0,0.003364264628239,0,0.007732725277981,0,174.287,APAE
1-4-8-11-tetraazaundecane,C7H20N4,C(CNCCN)CNCCN,Polyamine,No,2,2,0,0,0,0,194.46306469995,0,45.691956300045,0,-0.0035271159665884,-0.32298128447331,0.041230687760454,0,0,0,-0.00859673186285,-0.12018022975611,0.37022230931006,0,0,0,0.0031642428390596,0,0.0075581970085654,0,160.26,TAUD
1-5-9-13-tetraazatridecane,C9H24N4,C(CN)CNCCCNCCCN,Polyamine,No,2,2,0,0,0,0,236.62076510766,0,43.503583892335,0,-0.0015739925819499,-0.32809323649398,0.049879018324866,0,0,0,-0.00383633322786,-0.11638872906054,0.35055244647369,0,0,0,0.0034336382290807,0,0.0071333663232166,0,188.314,TATD
1-methylpiperazine,C5H12N2,CN1CCNCC1,Polyamine,Yes,0,1,1,0,0,0,131.61071376872,0,14.133205231281,0,-0.0014101163612404,-0.17288974136038,0.018267468936435,0,0,0,-0.0034369134351789,-0.022096898412344,0.14735920808187,0,0,0,0.0014697563952964,0,0.0026359384144671,0,100.162,1MPZ
2-(2-aminoethylamino)ethanol,C4H12N2O,C(CNCCO)N,Polyamine,No,1,1,0,1,0,0,120.44409136679,16.410210921271,19.925899711935,0,-0.015688761082781,-0.20927533296859,0.044149695958156,-0.075079502874258,-0.0014570553659178,0.11494832338994,-0.0047053198694906,-0.046976395134202,0.16132376945655,0,0,0,0.0023604719106853,0.0027482717143291,0.0032664441373867,0,104.151,AEAE
2-(3-aminopropylamino)ethanol,C5H14N2O,C(CN)CNCCO,Polyamine,No,1,1,0,1,0,0,139.24385907329,16.459887769744,22.817508156964,0,-0.016184447705805,-0.22081316000431,0.046455954462615,-0.073853900631867,-0.0024196596598075,0.11772623322992,-0.005886727770601,-0.063742891369777,0.18407679528618,0,0,0,0.0026180617713249,0.0027709386015736,0.0038179239076915,0,118.177,APRAE
2-piperazin-1-ylethanol,C6H14N2O,C1CN(CCN1)CCO,Polyamine,Yes,0,1,1,1,0,0,143.30389830116,16.321988326782,13.671025372056,0,-0.015002893872929,-0.2237431165364,0.04469303132755,-0.066108693496115,-0.0025488679428369,0.11199116881998,-0.0038067746461266,-0.016019821034951,0.13664279458461,0,0,0,0.0024120451967729,0.0026313880637042,0.0024869022273751,0,130.188,PZE
3-3-iminodipropylamine,C6H17N3,C(CN)CNCCCN,Polyamine,No,2,1,0,0,0,0,167.35051872834,0,37.188964271662,0,-0.0019729516508532,-0.26951358126185,0.030366729175381,0,0,0,-0.0048087265860889,-0.10022206237644,0.30620460234269,0,0,0,0.0025908508619023,0,0.0063380471469362,0,131.219,IDPA
4-(2-aminoethyl)morpholine,C6H14N2O,C1COCCN1CCN,Polyamine,Yes,1,0,1,0,0,1,149.14113666558,0,18.085183828739,8.1811895056841,-0.0018256086736112,-0.28027454973265,0.042310167209771,0,0,0,-0.0044496036995088,-0.043557286605143,0.15498925476314,0,0.012277055442206,0.085724207234204,0.0025567752607776,0,0.0030593112250466,0.0012249388139749,130.188,AEM
diethylenetriamine,C4H13N3,C(CNCCN)N,Polyamine,No,2,1,0,0,0,0,125.02180191157,0,38.089339088425,0,-0.0041818850546442,-0.23860621775699,0.031474081526997,0,0,0,-0.010192617661735,-0.10985380025879,0.29763234433798,0,0,0,0.0026028843277934,0,0.0063556757920399,0,103.166,DETA
N-(2-aminoethyl)glycine,C4H10N2O2,C(CNCC(=O)O)N,Polyamine,No,1,1,0,0,1,0,112.17538203694,10.40581153585,22.695301198923,14.866165228291,-0.019991806772689,-0.2805244430669,0.072073978754202,-0.062227993723694,0.0010339799260959,0.038985185687049,-0.028176291975252,-0.061947608390898,0.13386122154701,0,0.017205379671403,0.16166701876852,0.0038028447833556,0.0015069988522609,0.003261354980081,0.002226423190134,118.134,AEG
N-(2-hydroxyethyl)ethylenediamine,C4H12N2O,C(CNCCO)N,Polyamine,No,1,1,0,1,0,0,115.47442724774,16.484155293933,20.483723458327,0,-0.016467890678139,-0.20620137481704,0.045130118502316,-0.072547943768697,-0.0022249995291072,0.11340127703495,-0.0079446155806551,-0.046522281873632,0.16200695402571,0,0,0,0.0023500622442356,0.0027190783091253,0.0033019986595371,0,104.151,HEED
N-(3-aminopropyl)-2-pipecoline,C9H20N2,CC1CCCCN1CCCN,Polyamine,Yes,1,0,1,0,0,0,193.66988691887,0,16.972012081129,0,-0.0010761056819314,-0.17504002241085,0.023167217739584,0,0,0,-0.0026228204831613,-0.039706630712825,0.15333209875202,0,0,0,0.0016307679628932,0,0.0028619621735633,0,156.268,3AP2P
N-(3-aminopropyl)morpholine,C7H16N2O,C1COCCN1CCCN,Polyamine,Yes,1,0,1,0,0,1,166.09482576166,0,18.166989007132,8.1996232312036,-0.0012309559686389,-0.29610330324974,0.04041995299668,0,0,0,-0.0030002411311695,-0.039974484259257,0.1652558953758,0,0.013165284186576,0.085347905060249,0.0027139441824916,0,0.0032356483691542,0.0012351841319994,144.215,APM
N-isopropyl-1-3-propanediamine,C6H16N2,CC(C)NCCCN,Polyamine,No,1,1,0,0,0,0,158.77532435401,0,22.120136645986,0,-0.00079540907876961,-0.18463492137696,0.024267221526081,0,0,0,-0.0019386713213381,-0.057769974689311,0.18238773299209,0,0,0,0.0018718981024045,0,0.0037390304794388,0,166.205,IP13PD
N-methyl-1-3-propanediamine,C4H12N2,CNCCCN,Polyamine,No,1,1,0,0,0,0,123.39139211872,0,23.761348881277,0,-0.0019897422487132,-0.18879039266893,0.026628200162757,0,0,0,-0.004849650748772,-0.064747470590316,0.19991278114077,0,0,0,0.0017729253277744,0,0.0041178014809796,0,88.151,MPD
spermidine,C7H19N3,C(CCNCCCN)CN,Polyamine,No,2,1,0,0,0,0,185.54914516991,0,33.688368830094,0,-0.0014274050910231,-0.24523863392216,0.040769630079252,0,0,0,-0.0034790517078068,-0.0961464816038,0.26260855430183,0,0,0,0.0026974266803668,0,0.0055595691574188,0,145.246,SD
spermine,C10H26N4,C(CCNCCCN)CNCCCN,Polyamine,No,2,2,0,0,0,0,251.38462717535,0,41.495293824655,0,-0.0013346976033191,-0.31719656590566,0.053082920105521,0,0,0,-0.0032530933267899,-0.11102609134676,0.33006097748222,0,0,0,0.003460956803771,0,0.0068772331455763,0,202.34,SN
tris(2-aminoethyl)amine,C6H18N4,C(CN(CCN)CCN)N,Polyamine,No,3,0,1,0,0,0,167.8048954106,0,40.8703045894,0,-0.0036058334905071,-0.27643391566645,0.032808366018244,0,0,0,-0.0087885921397579,-0.10407166620941,0.32088698181453,0,0,0,0.0028266656344882,0,0.0067762087757031,0,146.234,2AEA
4-(dimethylamino)-2-butanol,C5H15NO,CC(CCN(C)C)O,Tertiary,No,0,0,1,1,0,0,159.01326016619,14.227851236763,4.3155445970476,0,-0.012044505139367,-0.17380405160843,0.034004377521394,-0.052155838460556,-0.00065591212581094,0.10286658236485,0,0.00083318997073621,0.06456376055017,0,0,0,0.0018267483849219,0.0022603064761623,0.0010118766675964,0,117.189,4DMA2B
4-(dipropylamino)-2-butanol,C10H23NO,CC(CCN(CCC)CCC)O,Tertiary,No,0,0,1,1,0,0,231.87713565536,14.374715310874,2.7044770337628,0,-0.011805142854692,-0.16443502184628,0.038432658376162,-0.050732452219658,0.00023119724928674,0.10047634236031,0,0,0.042983925405075,0,0,0,0.0020181861985263,0.0021949445326684,0.00069101744248516,0,173.296,4DPA2B
4-(dibutylamino)-2-butanol,C12H27NO,CC(CCN(CCC)CCC)O,Tertiary,No,0,0,1,1,0,0,269.24304890435,14.713321095655,0,0,-0.010886799226383,-0.13901575532164,0.031873111902555,-0.046609378868131,0.0073319386250087,0.10874547531114,0,0,0,0,0,0,0.0021194213984306,0.0023368283055471,0,0,201.349,4DBA2B
4-((2-hydroxyethyl)(methyl)amino)-2-butanol,C7H17NO2,CC(CCN(CCO)C)O,Tertiary,No,0,0,1,2,0,0,167.26248660061,31.10571807004,3.5875123293463,0,-0.024710536146825,-0.22775984314117,0.056193359291617,-0.12035253655645,0.007068151955414,0.22269108705868,0,0.0017487950935137,0.05097397472281,0,0,0,0.0028444458194227,0.0050735108686911,0.0007981118720478,0,147.215,HEMAB
4-((2-hydroxyethyl)(ethyl)amino)-2-butanol,C8H19NO2,CC(CCN(CCO)CC)O,Tertiary,No,0,0,1,2,0,0,183.9776930559,31.098644555932,2.6919413881704,0,-0.024771892826239,-0.22298196298216,0.059064302321551,-0.12046154992871,0.0055566424128911,0.22419684734687,0,0,0.042420249383244,0,0,0,0.002830100157063,0.0050723818877739,0.00067257250085244,0,161.242,HEEAB
4-(diethylamino)-2-butanol,C8H19NO,CC(CCN(CC)CC)O,Tertiary,No,0,0,1,1,0,0,189.30850031099,15.626445689007,0,0,-0.011167043461782,-0.12650820553284,0.025531105472101,-0.047367562867911,-0.0043076763695284,0.12326200518831,0,0,0,0,0,0,0.0015811968417388,0.0024957558686853,0,0,145.243,DEAB
2-amino-1-butanol,C4H11NO,CCC(CO)N,Primary,No,1,0,0,1,0,0,111.62263099827,13.0044924359,13.410939565826,0,-0.01429151399328,-0.098031427330362,0.024181746739608,-0.068619876956187,0.00077160005815679,0.065081985107581,-0.0030993218854803,-0.037268653713103,0.10024472752583,0,0,0,0.0018717696882447,0.002002361054366,0.0022126477831248,0,89.136,2A1B
2-(butylamino)ethanol,C6H15NO,CCCCNCCO,Secondary,No,0,1,0,1,0,0,159.81769081941,16.449109163787,8.5342940167979,0,-0.013635652962234,-0.15152667420276,0.033720920379895,-0.073195369979489,-0.00067141060140784,0.11454075669695,-0.0011144535630393,-0.018939732605621,0.072978591215867,0,0,0,0.001928902830878,0.0027570072389684,0.0013862347795568,0,117.189,2BAE
2-(dimethylamino)ethanol,C4H11NO,CN(C)CCO,Tertiary,No,0,0,1,1,0,0,118.48289319905,16.310371425699,4.181398375249,0,-0.013656729782266,-0.1511067515612,0.033009470746707,-0.072758331550635,-0.0015913644542727,0.11377816978142,0,0.0022197000004262,0.060114075959107,0,0,0,0.0018059708103209,0.0027029072162317,0.00096297105534822,0,89.136,2DMAE
1-dimethylamino-2-propanol,C5H13NO,CC(CN(C)C)O,Tertiary,No,0,0,1,1,0,0,137.56733697127,12.652398504971,4.0801915237617,0,-0.012782448794984,-0.15198856485521,0.032293937667247,-0.048933117841597,-0.00029944037398276,0.085835123198421,0,0.0025256057328671,0.059569430648173,0,0,0,0.0018326263787886,0.0019413838111549,0.00097839480385148,0,103.163,1DMA2P
isobutylamine,C4H11N,CC(C)CN,Primary,No,1,0,0,0,0,0,112.26099681576,0,11.976977184241,0,-0.00070348010586897,-0.087798066936067,0.0092229497177688,0,0,0,-0.0017146104347838,-0.034911770783342,0.082262646014928,0,0,0,0.001115187356021,0,0.0017592537214275,0,73.137,IBA
sec-butylamine,C4H11N,CCC(C)N,Primary,No,1,0,0,0,0,0,116.39292559548,0,13.340389404523,0,-3.1521750559463E-5,-0.11717261460993,0.010276849319507,0,0,0,-7.6828785890319E-5,-0.035309090747975,0.10966311928272,0,0,0,0.0011330399145815,0,0.0023004533285391,0,73.137,SBA
butylamine,C4H11N,CCCCN,Primary,No,1,0,0,0,0,0,119.18573926757,0,14.16857573243,0,-0.00085066826611727,-0.11630847445085,0.011835302232554,0,0,0,-0.0020733559818616,-0.040596790765227,0.11424776092597,0,0,0,0.0011399357563582,0,0.0024104302817502,0,73.137,BA
tetramethyl-1-3-diaminopropane,C7H18N2,CN(C)CCCN(C)C,Tertiary,No,0,0,2,0,0,0,192.55312728907,0,8.0895967109346,0,0,-0.19387869105726,0.029031477421372,0,0,0,0,0.0025328813677339,0.12202939538756,0,0,0,0.0016540999403175,0,0.0019691483125628,0,130.231,TMDAP
3-(dimethylamino)propylamine,C5H14N2,CN(C)CCCN,Polyamine,No,1,0,1,0,0,0,145.04405342234,0,18.538325577662,0,-0.0010524556868416,-0.19705206869881,0.027698610488575,0,0,0,-0.0025651777324634,-0.039578555102299,0.17662737029066,0,0,0,0.0017801881974079,0,0.0034616535497412,0,102.178,DMAPA
diethylamine,C4H11N,CCNCC,Secondary,No,0,1,0,0,0,0,125.52750508476,0,8.6153709152381,0,-0.00013449297795703,-0.10690323259706,0.010195478679887,0,0,0,-0.00032780324772,-0.019323524914984,0.082051853676827,0,0,0,0.0010089661216722,0,0.0015106173290012,0,73.137,DA
isopropylamine,C3H9N,CC(C)N,Primary,No,1,0,0,0,0,0,97.917468346638,0,13.542492653362,0,-0.00053733301718997,-0.11198271748495,0.0095171341518022,0,0,0,-0.0013096557962925,-0.035757673512258,0.10925675700043,0,0,0,0.0011208969118044,0,0.0023483946442332,0,59.11,IPA
4-amino-1-butanol,C4H11NO,C(CCO)CN,Primary,No,1,0,0,1,0,0,111.35894392144,16.624103101821,14.272376976735,0,-0.015029466108654,-0.16944846306831,0.034961430265121,-0.070511032215314,-0.0039623966428613,0.12448106363666,-0.0026715029680607,-0.039315733511629,0.11075777089255,0,0,0,0.0019642825155342,0.002830612571391,0.0024184810545167,0,89.136,4A1B
5-amino-1-pentanol,C5H13NO,C(CCN)CCO,Primary,No,1,0,0,1,0,0,130.86068055896,16.578184267673,14.225944173365,0,-0.01407827271167,-0.1795629776353,0.036788606343711,-0.068374062425964,-0.0048882266881869,0.12514019751411,-0.0023305012156776,-0.041486024017307,0.11462054891939,0,0,0,0.0019947121833222,0.0028314321516683,0.002430409447492,0,103.163,5A1P
ethylamine,C2H7N,CCN,Primary,No,1,0,0,0,0,0,78.903479000829,0,14.336972999171,0,-0.0010962484725556,-0.10611944338921,0.011757216095129,0,0,0,-0.0026719150328178,-0.042048678404992,0.11252683306491,0,0,0,0.0010468849598323,0,0.0024098354274646,0,45.084,EA
propylamine,C3H9N,CCCN,Primary,No,1,0,0,0,0,0,98.80777922614,0,14.27599277386,0,-0.00093710929266497,-0.1113633002059,0.010015459972276,0,0,0,-0.0022840409534416,-0.038536692419801,0.11266638361427,0,0,0,0.0010963582157074,0,0.0024330299919102,0,59.11,PrA
hexylamine,C6H15N,CCCCCCN,Primary,No,1,0,0,0,0,0,159.00739790512,0,14.140433094878,0,-0.00075168412796528,-0.12345964518765,0.011798957718962,0,0,0,-0.0018320993567807,-0.040215560104378,0.11480281912471,0,0,0,0.0012494325412167,0,0.0024196302483025,0,101.19,HA
1-7-diaminoheptane,C7H18N2,C(CCCN)CCCN,Primary,No,2,0,0,0,0,0,179.3247856494,0,28.315511350601,0,-0.0015103494989339,-0.21041739435923,0.023423950827181,0,0,0,-0.0036812142794624,-0.079968289868912,0.22917074735415,0,0,0,0.002021783015729,0,0.0048424993620044,0,130.231,DAHE
2-(isopropylamino)ethanol,C5H13NO,CC(C)NCCO,Secondary,No,0,1,0,1,0,0,132.69579968063,16.410805761415,7.7967865579553,0,-0.014293958856844,-0.14300305170226,0.035570253329903,-0.074766421633844,-0.0010341118185504,0.11493425027531,-0.001626083121654,-0.016062309844002,0.0674027773917,0,0,0,0.0018545356062893,0.0027581225239542,0.0013276748221945,0,103.163,IPAE
3-diethylamino-1-propanol,C7H17NO,CCN(CC)CCCO,Tertiary,No,0,0,1,1,0,0,179.3167365738,15.547140952072,1.3578074741287,0,-0.012415064519335,-0.13528391574277,0.04615770053071,-0.063052521552949,-0.00195946559855,0.10495300652815,0,0,0.022231489908374,0,0,0,0.0018170228051463,0.0024814098951813,0.00036436549768407,0,131.216,3DEA1P
1-diethylamino-2-propanol,C7H17NO,CCN(CC)CC(C)O,Tertiary,No,0,0,1,1,0,0,174.04677783413,15.429908165874,0,0,-0.012261314857935,-0.11953617320102,0.022141672907591,-0.051143164426932,0.0047690626233845,0.11782782217681,0,0,0,0,0,0,0.0016676703425147,0.0025222214927779,0,0,131.216,1DEA2P
2-(diisopropylamino)ethanol,C8H19NO,CC(C)N(CCO)C(C)C,Tertiary,No,0,0,1,1,0,0,180.82656129171,16.544258708293,0,0,-0.013528119761893,-0.10453378949421,0.022014580274684,-0.069310523130035,0.00204608585367,0.11763142077672,0,0,0,0,0,0,0.001598175025402,0.0027898912634831,0,0,145.243,DIPAE
2-(dimethylamino)-2-methyl-1-propanol,C6H15NO,CC(C)(CO)N(C)C,Tertiary,No,0,0,1,1,0,0,147.75872920094,14.693546127896,2.8671596711664,0,-0.012352654083339,-0.14217641509941,0.032278768699491,-0.063542672655468,-0.0028206891598603,0.10634482415972,0,0,0.048467263441653,0,0,0,0.0017411533642492,0.0026392846555582,0.00083197553568349,0,117.189,2DMA2M1P
3-dimethylamino-2-2-dimethyl-1-propanol,C7H17NO,CC(C)(CN(C)C)CO,Tertiary,No,0,0,1,1,0,0,169.88628445257,12.57831600642,1.6944695410098,0,-0.010547487174597,-0.10469386885262,0.031032885770501,-0.055298632588751,-0.011405065214685,0.085143310655119,0,0.00085829276814546,0.02588801014928,0,0,0,0.0016610971608086,0.0021483194245143,0.00043240078811802,0,131.216,DMADMP
N-ethyldiethanolamine,C6H15NO2,CCN(CCO)CCO,Tertiary,No,0,0,1,2,0,0,149.18889038262,32.531688171056,2.5398784463236,0,-0.027331716726905,-0.20381729436168,0.057022740777876,-0.12874281824534,0.0046993759892063,0.23092913247622,0,0.001615796824532,0.032301740274565,0,0,0,0.0027412258933754,0.005335621177764,0.00046153883653144,0,133.189,EDEA
N-tert-butyldiethanolamine,C8H19NO2,CC(C)(C)N(CCO)CCO,Tertiary,No,0,0,1,2,0,0,173.74716098892,33.02027101108,0,0,-0.026696443811116,-0.16496637067855,0.049074198706223,-0.13697285723447,0.0010980744552901,0.23556566077109,0,0,0,0,0,0,0.0024419208074693,0.0055034735870331,0,0,161.242,TBDEA
3-(dimethylamino)-1-2-propanediol,C5H13NO2,CN(C)CC(CO)O,Tertiary,No,0,0,1,2,0,0,137.9672281091,20.279572890902,0,0,-0.0048276354383559,-0.26429998548423,0.035947280289958,-0.013022979021358,0.018430968311946,0.19662496328255,0,0,0,0,0,0,0.0021631794599613,0.0032145699014352,0,0,119.162,3DMAPD
3-diethylamino-1-2-propanediol,C7H17NO2,CCN(CC)CC(CO)O,Tertiary,No,0,0,1,2,0,0,159.58701907444,29.710519870983,2.4681260545817,0,-0.023841357397357,-0.18629778846001,0.046590617192111,-0.12740085267386,-0.0058150345472079,0.22705994849857,0,0.00069836141513194,0.034647246512412,0,0,0,0.0025993037977242,0.0054425237628898,0.00051641281754428,0,147.215,3DEAPD
1-(2-hydroxyethyl)pyrrolidine,C6H13NO,C1CCN(C1)CCO,Tertiary,Yes,0,0,1,1,0,0,142.22192959157,16.497231686182,4.3738197222502,0,-0.013293767808496,-0.16128643428295,0.033567222298893,-0.070149362509788,0.0001882569349358,0.11810938137545,0,0.0029847719128371,0.056232247999308,0,0,0,0.0016467164865991,0.0027806568049719,0.00083090547553314,0,115.174,HEPR
3-pyrrolidino-1-2-propanediol,C7H15NO2,C1CCN(C1)CC(CO)O,Tertiary,Yes,0,0,1,2,0,0,162.30834987854,22.422301319522,1.0116228019403,0,-0.0049291335292313,-0.25567796929403,0.040095576305314,-0.015026714088861,0.014780440069478,0.17831873468375,0,0.0063872316500398,0.0025315623226642,0,0,0,0.0024895882820915,0.0030475659133166,7.9960812663165E-5,0,145.199,3P12PD
3-hydroxy-1-methylpiperidine,C6H13NO,CN1CCCC(C1)O,Tertiary,Yes,0,0,1,1,0,0,134.95130727472,15.302542967275,4.2952237580085,0,-0.011795124778313,-0.18530287681841,0.031576877694215,-0.050470070381023,0.0016352437062534,0.11843701450301,0,0.0021630104413446,0.061372366216074,0,0,0,0.0018575821057217,0.0024806424453988,0.00097479347158963,0,115.174,3HMP
1-ethyl-3-hydroxypiperidine,C7H15NO,CCN1CCCC(C1)O,Tertiary,Yes,0,0,1,1,0,0,161.93964337152,11.940817628478,0,0,0,-0.18729050680369,0.021242169155699,0,0.0056214421534299,0.1235238006962,0,0,0,0,0,0,0.0014131322660859,0.0019795407117491,0,0,129.2,EHP
4-ethyl-methyl-amino-2-butanol,C7H7NO,CCN(C)CCC(C)O,Tertiary,No,0,0,1,1,0,0,171.85322335713,14.293588392128,3.9053242507393,0,-0.011077117634122,-0.18198960473902,0.037862593742056,-0.047967768550652,0.0012277136395615,0.10513385484703,0,0.00049713076476878,0.059069577934555,0,0,0,0.001863913809416,0.0023015537272848,0.00093076046602056,0,131.216,EMAB
N-isopropyldiethanolamine,C7H17NO2,CC(C)N(CCO)CCO,Tertiary,No,0,0,1,2,0,0,164.55849434214,32.864893574725,2.2026520831379,0,-0.026934140304402,-0.18064694684266,0.051672733312159,-0.1414615457852,0.0028654917722894,0.23044701802574,0,0.00022216635158615,0.02936740008014,0,0,0,0.0026394741565949,0.0055011132421787,0.00040116834415501,0,147.215,IPDEA
1-methyl-2-piperidineethanol,C8H17NO,CN1CCCCC1CCO,Tertiary,Yes,0,0,1,1,0,0,171.54971966246,16.607081796721,0.80644854082323,0,-0.012026114141053,-0.13446963528166,0.030900505577565,-0.059892136494367,-0.0062461142297026,0.13262590335836,0,7.1713732227976E-6,0.01024915444461,0,0,0,0.0016706310357046,0.0028853403371772,0.00013158664198753,0,143.227,MPE
triethylenetetramine,C6H18N4,C(CNCCNCCN)N,Polyamine,No,2,2,0,0,0,0,165.38085780306,0,45.806000196939,0,-0.0054415727295224,-0.29168359963998,0.045114693033296,0,0,0,-0.013262887330906,-0.12580774048752,0.35284057017163,0,0,0,0.0032164326687843,0,0.0074694544120107,0,146.234,TETA
tetraethylenepentamine,C8H23N5,C(CNCCNCCNCCN)N,Polyamine,No,2,3,0,0,0,0,222.28695673427,0,51.806451265726,0,-0.0039179516146947,-0.37500630588833,0.053385674227194,0,0,0,-0.0095493257954115,-0.14418389924607,0.43155559786226,0,0,0,0.0037710478402786,0,0.0089307944010713,0,189.302,TEPA
2-(propylamino)ethanol,C5H13NO,CCCNCCO,Secondary,No,0,1,0,1,0,0,138.31205694868,17.065897222326,7.3829438289894,0,-0.013193674364603,-0.16876014647147,0.031100855899132,-0.065922576056256,-0.0021644158374219,0.13778924526585,-0.00085815232556887,-0.019548945928186,0.066363706373062,0,0,0,0.0017739783224797,0.0031990908219828,0.0013902823524882,0,103.163,PAE
1-ethylpiperazine,C6H14N2,CCN1CCNCC1,Polyamine,Yes,0,1,1,0,0,0,150.77429758027,0,13.230210419733,0,-0.0011206524728484,-0.16696411347783,0.02007346600648,0,0,0,-0.0027313955400894,-0.021600358739089,0.13460770976829,0,0,0,0.0014995540114319,0,0.0024476499314593,0,114.189,1EPZ
triethylamine,C6H15N,CCN(CC)CC,Tertiary,No,0,0,1,0,0,0,163.084612,0,0,0,0,-0.044340568282304,0,0,0,0,0,0,0,0,0,0,0.00074899545128567,0,0,0,101.19,TE
butyldiethanolamine,C8H19NO2,CCCCN(CCO)CCO,Tertiary,No,0,0,1,2,0,0,186.48742938763,29.899718366061,1.949727246305,0,-0.024428167651456,-0.15702003448824,0.055745018309391,-0.12578016076987,-0.0024398334239658,0.1860127545609,0,0,0.029315215563826,0,0,0,0.0026700015670445,0.0046834364684815,0.00044262527661665,0,161.242,BDEA
triisopropanolamine,C9H21NO3,CC(CN(CC(C)O)CC(C)O)O,Tertiary,No,0,0,1,3,0,0,199.64495296335,40.271579036654,0,0,-0.033783630344042,-0.19576410161418,0.060979355200853,-0.13833208406959,-0.0041715205328121,0.27292616226319,0,0,0,0,0,0,0.0031551190119097,0.0060855579919713,0,0,191.268,TIPA
2-2-dimethylaminoethoxyethanol,C6H15NO2,CN(C)CCOCCO,Tertiary,No,0,0,1,1,0,1,165.4757859896,16.106757994726,4.0785208627785,6.8928161528931,-0.014157921766315,-0.23341920876993,0.052784528895261,-0.07938242123514,0.0025510055686329,0.10280862866213,0,0.0014998386559514,0.056564937155545,0,0.014405632524387,0.062231262800461,0.0025142332359844,0.002623365260646,0.0008488311400133,0.00088381463984175,133.189,DMAEE
1-2-bis(dimethylamino)ethane,C6H16N2,CN(C)CCN(C)C,Tertiary,No,0,0,2,0,0,0,169.24552204713,0,8.4266809528718,0,0,-0.19139687199553,0.026152034615931,0,0,0,0,0.0057037485685755,0.12263184462506,0,0,0,0.0016482055926056,0,0.0020329914620416,0,116.205,DMAE
methyl-4-morpholine,C5H11NO,CN1CCOCC1,Tertiary,Yes,0,0,1,0,0,1,129.46950870157,0,4.3450777530012,8.1735725454324,0,-0.2201874447459,0.030928342944528,0,0,0,0,0.0011959735287181,0.05859021431225,0,0.012402700263298,0.085375119712051,0.0017385064508512,0,0.00085814290531121,0.0012204379639295,101.147,M4M
pyridine,C5H5N,C1=CC=NC=C1,Tertiary,Yes,0,0,1,0,0,0,107.64091010514,0,8.9666828948569,0,0,-0.16561710969093,0.017740661127026,0,0,0,0,0.010351303600776,0.11128458535768,0,0,0,0.0022511882089755,0,0.0017713395206375,0,79.1,PR
morpholine,C4H9NO,C1COCCN1,Secondary,Yes,0,1,0,0,0,1,105.78814592653,0,9.8859075594862,8.2571435139859,-0.0025069399650987,-0.2086421497043,0.032451249206181,0,0,0,-0.0062828648577331,-0.023770712849704,0.08049588142846,0,0.011640647978462,0.087857396384643,0.0018102588593075,0,0.0016045599823358,0.0012495255414833,87.12,MO
2-amino-2-ethyl-1-3-propanediol,C5H13NO2,CCC(CO)(CO)N,Primary,No,1,0,0,2,0,0,123.84699019008,25.448529400964,10.522833408952,0,-0.027316890097446,-0.10899565928084,0.049909792200974,-0.14727056326342,0.00024402374862249,0.11450098693023,0,-0.017796452477953,0.10562826814256,0,0,0,0.0024733611251326,0.0037426268576403,0.0019610442166054,0,119.162,AEPD